"Código","Nome ","Estado","UF","Latitude","Longitude","Altitude (m)","Tmed","Tmax","Tmin","Tmax Abs","Tmin Abs","Colunas4","Colunas5","Pres","Inso","Evap","Neb","Neb Hora","UR","UR Hora","Prec","Prec Max","Prec N° Dias","PDec","Pdec N°D","NPSec","Vento Int","Vento u","Vento v","Vento DirRes","Vento DirPred","Nº Normais"
"83010","Brasiléia","Acre","AC","11°01'S","68°44'W","260.0","","","","","","","","","","X","","","","","","","","","","","","","","","","1"
"82704","Cruzeiro do Sul","Acre","AC","07°38'S","72°40'W","170.0","X","X","X","X","X","","","X","X","*","X","X","X","X","X","X","X","X","X","X","X","X","X","X","X","23"
"82915","Rio Branco","Acre","AC","09°58'S","67°48'W","160.0","X","X","X","X","X","","","X","X","*","X","X","X","X","X","X","X","X","X","X","X","X","X","X","X","23"
"82807","Tarauacá","Acre","AC","08°10'S","70°46'W","190.0","X","X","X","X","X","","","","X","*","X","X","X","X","X","X","X","X","X","X","X","X","X","X","X","22"
"83098","Coruripe","Alagoas","AL","10°09'S","36°10'W","56.1","X","X","X","X","X","","","X","","X","X","X","X","X","X","X","X","X","X","X","X","X","X","X","X","22"
"82994","Maceió","Alagoas","AL","09°40'S","35°42'W","64.5","X","X","X","X","X","","","X","X","*","X","X","X","X","X","X","X","X","X","X","X","X","X","X","X","23"
"82988","Mata Grande","Alagoas","AL","09°07'S","37°44'W","635.0","","","X","","X","","","","","","X","X","","","X","X","X","X","X","X","X","X","X","X","X","15"
"82992","Palmeira dos Índios","Alagoas","AL","09°27'S","36°42'W","274.9","","","X","","X","","","","","X","X","X","X","X","X","X","X","","X","","","","","","","11"
"82990","Pão de Acuçar","Alagoas","AL","09°45'S","37°26'W","19.1","","","","","","","","","","X","","","","","","","","","","","","","","","","1"
"82996","Porto de Pedras","Alagoas","AL","09°11'S","35°26'W","50.0","","","","","","","","X","","","X","X","","","","","","","","","","","","","","3"
"82113","Barcelos","Amazonas","AM","00°58'S","62°55'W","40.0","X","X","X","X","X","","","X","X","*","X","X","X","X","X","X","X","X","X","X","X","X","X","X","X","23"
"82410","Benjamin Constant","Amazonas","AM","04°23'S","70°02'W","65.0","X","X","X","X","X","","","X","X","*","X","X","X","X","X","X","X","X","X","X","X","X","X","X","X","23"
"82418","Carauari","Amazonas","AM","04°57'S","66°54'W","66.0","X","X","X","X","X","","","X","X","X","X","X","X","X","X","X","X","X","X","X","X","X","X","X","X","23"
"82425","Coari","Amazonas","AM","04°05'S","63°08'W","46.0","X","X","X","X","X","","","X","X","X","X","X","X","X","X","X","X","X","X","X","X","X","X","X","X","23"
"82326","Codajás","Amazonas","AM","03°50'S","62°05'W","48.0","","","X","","","","","X","X","*","X","X","","","X","X","X","","X","","X","","","","","11"
"82610","Eirunepé","Amazonas","AM","06°40'S","69°52'W","104.0","","","","","","","","","","","X","X","","","X","X","X","","X","","X","","","","","7"
"82212","Fonte Boa","Amazonas","AM","02°32'S","66°10'W","55.6","X","X","X","X","X","","","X","X","X","X","X","X","X","X","X","X","X","X","X","X","X","X","X","X","23"
"82727","Humaitá","Amazonas","AM","07°31'S","63°02'W","50.0","","","","","","","","X","","X","X","X","X","X","X","X","X","X","X","X","X","X","X","X","X","17"
"82067","Iauaretê","Amazonas","AM","00°37'N","69°12'W","120","X","X","X","X","X","","","X","X","X","X","X","X","X","X","X","X","X","X","X","X","X","X","X","X","23"
"82336","Itacoatiara","Amazonas","AM","03°08'S","58°26'W","40.0","X","X","X","X","X","","","X","X","X","X","X","","","X","X","X","X","X","X","X","","","","","17"
"82723","Lábrea","Amazonas","AM","07°15'S","64°50'W","61.0","X","X","X","","","","","","X","X","X","X","","","X","X","X","X","X","X","X","","","","","14"
"82331","Manaus","Amazonas","AM","03°07'S","59°57'W","67.0","X","X","X","X","X","","","X","X","*","X","X","X","X","X","X","X","X","X","X","X","X","X","X","X","23"
"82533","Manicoré","Amazonas","AM","05°49'S","61°18'W","50.0","X","X","X","X","X","","","X","X","X","X","X","X","X","X","X","X","X","X","X","X","X","X","X","X","23"
"82100","Paricachoeira","Amazonas","AM","00°10'N","69°56'W","115.0","X","X","X","X","X","","","X","","","X","X","X","X","X","X","X","X","X","X","X","X","X","X","X","21"
"82240","Parintins","Amazonas","AM","02°38'S","56°44'W","29.0","X","X","X","X","X","","","X","X","X","X","X","X","X","X","X","X","X","X","X","X","X","X","X","X","23"
"82105","Rio Içana","Amazonas","AM","01°02'N","67°32'W","90.0","X","X","X","X","X","","","","","X","X","X","X","X","X","X","X","X","X","X","X","X","X","X","X","21"
"82106","S. G. da Cachoeira(Uaupés)","Amazonas","AM","00°07'S","67°00'W","90.0","X","X","X","X","X","","","X","X","X","","X","X","X","X","X","X","X","X","X","X","X","X","X","X","22"
"82108","Santa Izabel do Rio Negro","Amazonas","AM","00°25'S","65°02'W","45.0","X","X","X","X","X","","","","X","","X","","X","","X","X","X","","X","X","X","X","X","X","X","18"
"82103","Taracuá","Amazonas","AM","00°04'N","68°14'W","86.0","X","X","X","X","X","","","X","","","X","X","X","X","X","X","X","X","X","X","X","X","X","X","X","21"
"82317","Tefé","Amazonas","AM","03°50'S","64°42'W","47.0","X","X","X","X","X","","","","X","*","X","X","X","X","X","X","X","X","X","X","X","X","X","X","X","22"
"82093","Cupixi","Amapá","AP","00°37'N","51°47'W","70.7","X","X","X","X","X","","","","*","*","","","","","*","","","","","","X","X","X","X","X","13"
"82098","Macapá","Amapá","AP","00°03'S","51°07'W","14.5","X","X","X","X","X","","","X","X","*","X","X","X","X","X","X","X","X","X","X","X","X","X","X","X","22"
"82095","Porto Platon","Amapá","AP","00°42'N","51°27'W","83.9","X","X","X","X","X","","","","X","X","X","X","X","X","X","X","X","X","X","X","X","X","X","X","X","22"
"83249","Alagoinhas","Bahia","BA","12°17'S","38°33'W","130.9","X","X","X","X","X","","","","","X","X","X","X","X","X","X","X","X","X","X","X","X","X","X","X","21"
"83179","Barra","Bahia","BA","11°05'S","43°10'W","401.6","","","","","","","","","","X","","","","","","","","","","","","","","","","1"
"83236","Barreiras","Bahia","BA","12°09'S","45°00'W","439.3","X","X","X","X","X","","","X","X","X","X","X","X","X","X","X","X","X","X","X","X","X","X","X","X","23"
"83288","Bom Jesus da Lapa","Bahia","BA","13°16'S","43°25'W","440.0","X","X","X","X","X","","","X","X","*","X","X","X","X","X","X","X","X","X","","","","","","","17"
"83339","Caetité","Bahia","BA","14°04'S","42°29'W","882.5","X","X","X","X","X","","","X","X","X","X","X","X","X","X","X","X","X","X","X","X","X","X","X","X","23"
"83498","Caravelas","Bahia","BA","17°44'S","39°15'W","2.9","X","X","X","X","X","","","X","X","*","X","X","X","X","X","X","X","X","X","X","X","X","X","X","X","23"
"83192","Cipó","Bahia","BA","11°05'S","38°31'W","145.3","X","X","X","X","X","","","","","X","X","X","X","X","X","X","X","","X","X","X","X","X","X","X","20"
"83286","Correntina","Bahia","BA","13°20'S","44°37'W","549.5","","","","","","","","","","X","","","","","","","","","","","","","","","","1"
"83222","Cruz das Almas","Bahia","BA","12°40'S","39°05'W","225.9","","","","","","","","","","X","","","","","","","","","","","","","","","","1"
"83221","Feira de Santana","Bahia","BA","12°11'S","38°58'W","230.7","","","","","","","","","","X","","","","","","","","","","","","","","","","1"
"83348","Ilhéus","Bahia","BA","14°48'S","39°04'W","60.2","X","X","X","X","X","","","X","X","X","X","X","X","X","X","X","X","X","X","X","X","X","X","X","X","23"
"83182","Irecê","Bahia","BA","11°18'S","41°52'W","747.2","","","","","","","","","*","*","","","","","*","","","","","","X","X","X","X","X","8"
"83244","Itaberaba","Bahia","BA","12°31'S","40°17'W","249.9","X","X","X","X","X","","","X","X","X","X","X","X","X","X","X","X","","X","X","X","X","X","X","X","22"
"83227","Itaparica","Bahia","BA","12°53'S","38°41'W","31.0","","","","","","","","","","","X","X","","","","","","","","","","","","","","2"
"83295","Itiruçu (Jaguaquara)","Bahia","BA","13°21'S","40°07'W","755.6","X","X","X","X","X","","","X","X","*","X","X","X","X","X","X","X","X","X","X","X","X","X","X","X","23"
"83186","Jacobina","Bahia","BA","11°11'S","40°28'W","484.7","X","X","X","X","X","","","X","","*","X","X","X","X","X","X","X","X","X","X","X","X","X","X","X","22"
"83242","Lençóis","Bahia","BA","12°34'S","41°23'W","438.7","X","X","X","X","X","","","X","X","X","X","X","X","X","X","X","X","X","X","X","X","X","X","X","X","23"
"83225","Mata de São João","Bahia","BA","12°32'S","38°18'W","28.0","","","","","","","","","","","X","X","","","","","","","","","","","","","","2"
"83090","Monte Santo","Bahia","BA","10°26'S","39°18'W","464.6","X","X","X","X","X","","","X","X","*","X","X","X","X","X","X","X","X","X","X","X","X","X","X","X","23"
"83184","Morro do Chapéu","Bahia","BA","11°13'S","41°13'W","1003.3","X","X","X","X","X","","","X","","*","X","X","X","X","X","X","X","X","X","X","X","X","X","X","X","22"
"83238","Paratinga","Bahia","BA","12°41'S","43°12'W","422.0","","","","","","","","","","X","","","","","","","","","","","","","","","","1"
"82986","Paulo Afonso","Bahia","BA","09°22'S","38°13'W","252.7","X","X","X","X","X","","","X","X","*","X","X","X","X","X","X","X","X","X","X","X","X","X","X","X","23"
"82979","Remanso","Bahia","BA","09°38'S","42°06'W","400.5","X","X","X","X","X","","","X","","X","X","X","X","X","X","X","X","X","X","X","X","X","X","X","X","22"
"83194","Rio Real","Bahia","BA","11°29'S","37°56'W","163.0","","","","","","","","","","X","","","","","","","","","","","","","","","","1"
"83229","Salvador (Ondina)","Bahia","BA","13°00'S","38°30'W","51.4","X","X","X","X","X","","","X","X","*","X","X","X","X","X","X","X","X","X","X","X","X","X","X","X","23"
"83076","Santa Rita de Cássia (Ibipetuba)","Bahia","BA","11°01'S","44°31'W","450.3","X","X","X","X","X","","","X","","*","X","X","X","X","X","X","X","X","","X","X","X","X","X","X","21"
"83223","São Francisco do Conde","Bahia","BA","12°37'S","38°40'W","80.0","X","X","X","X","X","","","X","","*","X","X","X","X","X","X","X","X","X","","X","X","X","X","X","21"
"83190","Serrinha","Bahia","BA","11°38'S","38°58'W","359.6","X","X","X","X","X","","","X","","*","X","X","X","X","X","X","X","X","X","X","X","X","X","X","X","22"
"82294","Acaraú","Ceará","CE","02°53'S","40°08'W","16.5","","X","X","X","X","","","","X","X","","","","","X","X","X","X","X","X","","","","","","12"
"82491","Aracati","Ceará","CE","04°34'S","37°46'W","13.0","","","","","","","","","","X","","","","","","","","","","","","","","","","1"
"82784","Barbalha","Ceará","CE","07°19'S","39°18'W","409.0","X","X","X","X","X","","","X","X","X","X","X","X","X","X","X","X","X","X","","X","X","X","X","X","22"
"82777","Campos Sales","Ceará","CE","07°00'S","40°23'W","583.5","X","X","X","X","X","","","X","X","X","X","X","X","X","X","X","X","X","X","X","X","X","X","X","X","23"
"82583","Crateús","Ceará","CE","05°10'S","40°40'W","296.8","X","X","X","X","X","","","X","X","X","X","X","X","X","X","X","X","X","X","X","X","X","X","X","X","23"
"82397","Fortaleza","Ceará","CE","03°45'S","38°33'W","26.4","X","X","X","X","X","","","X","X","X","X","","X","X","X","X","X","","X","X","X","X","X","X","X","21"
"82487","Guaramiranga","Ceará","CE","04°17'S","39°00'W","870.7","X","X","X","X","X","","","X","X","*","X","X","X","X","X","X","X","X","X","X","X","X","X","X","X","23"
"82686","Iguatu","Ceará","CE","06°22'S","39°18'W","217.7","X","X","X","X","X","","","X","X","*","X","X","X","X","X","X","X","X","X","X","X","X","X","X","X","23"
"82493","Jaguaruana","Ceará","CE","04°47'S","37°46'W","11.7","","X","X","X","","","","X","X","*","X","X","X","X","X","X","X","X","X","","","","","","","15"
"82785","Juazeiro do Norte","Ceará","CE","07°12'S","39°19'W","415.0","","","","","","","","","","X","","","","","","","","","","","","","","","","1"
"82588","Morada Nova","Ceará","CE","05°07'S","38°22'W","43.6","X","X","X","X","X","","","X","X","X","X","X","X","X","X","X","X","X","X","X","X","X","X","X","X","23"
"82586","Quixeramobim","Ceará","CE","05°10'S","39°17'W","79.5","X","X","X","X","X","","","X","X","X","X","X","X","X","X","X","X","X","X","X","X","X","X","X","X","23"
"82392","Sobral","Ceará","CE","03°44'S","40°20'W","109.6","X","X","X","X","X","","","X","X","X","X","X","X","X","X","X","X","X","X","X","X","X","X","X","X","23"
"82683","Tauá","Ceará","CE","06°00'S","40°25'W","398.8","X","X","X","X","X","","","","X","*","X","X","X","X","X","X","X","X","X","X","X","X","X","X","X","22"
"83377","Brasília","Distrito Federal ","DF","15°47'S","47°56'W","1159.5","X","X","X","X","X","","","X","X","X","X","X","X","X","X","X","X","X","X","X","X","X","X","X","X","23"
"83043","Alfredo Chaves","Espírito Santo","ES","20°38'S","40°44'W","110.0","","X","","X","","","","","","*","","","","","","","","","","","","","","","","3"
"83038","Aracruz","Espírito Santo","ES","19°49'S","40°15'W","65.4","","","","","","","","","*","*","","","","","","","","","","","","","","","","2"
"83557","Boa Esperança","Espírito Santo","ES","18°32'S","40°16'W","100.0","","","","","","","","","","X","","","","","","","","","","","","","","","","1"
"83646","Cachoeiro do Itapemirim","Espírito Santo","ES","20°51'S","41°06'W","77.0","X","X","X","X","X","","","X","X","*","X","X","X","X","X","X","X","X","X","X","X","X","X","X","X","23"
"83546","Ecoporanga","Espírito Santo","ES","18°21'S","40°50'W","300.0","","","X","","X","","","","","","","","","","","","","","","","","","","","","2"
"83034","Itarana","Espírito Santo","ES","19°52'S","40°52'W","245.0","","X","","X","","","","","","*","","","","","","","","","","","","","","","","3"
"83597","Linhares","Espírito Santo","ES","19°25'S","40°04'W","28.6","X","X","X","X","X","","","X","X","*","X","X","X","X","X","X","X","X","X","X","X","X","X","X","X","23"
"83013","Muniz Freire","Espírito Santo","ES","20°27'S","41°24'W","530.0","","X","","X","","","","","","*","","","","","","","","","","","","","","","","3"
"83550","São Mateus","Espírito Santo","ES","18°42'S","39°51'W","25.0","","X","","X","","","","","*","X","","","","","*","","","","","","X","X","X","X","X","10"
"83045","Venda Nova","Espírito Santo","ES","20°23'S","41°11'W","710.0","","X","","X","","","","","*","*","","","","","*","","","","","","","","","","","5"
"83648","Vitória","Espírito Santo","ES","20°19'S","40°19'W","36.2","X","X","X","X","X","","","X","X","*","X","X","X","X","X","X","X","X","X","X","X","X","X","X","X","23"
"83368","Aragarças","Goiás","GO","15°54'S","52°14'W","345.0","X","X","X","X","X","","","X","X","*","X","X","X","X","X","X","X","X","X","X","X","X","X","X","X","23"
"83526","Catalão","Goiás","GO","18°11'S","47°57'W","840.5","X","X","X","X","X","","","X","X","*","X","X","X","X","X","X","X","X","X","X","X","X","X","X","X","23"
"83379","Formosa","Goiás","GO","15°32'S","47°20'W","935.2","X","X","X","X","X","","","X","X","*","X","X","X","X","X","X","X","","X","X","X","X","X","X","X","22"
"83350","Goianésia","Goiás","GO","15°13'S","49°00'W","650.9","","","","","","","","","","X","","","","","","","","","","","","","","","","1"
"83423","Goiânia","Goiás","GO","16°40'S","49°15'W","741.5","X","X","X","X","X","","","X","X","*","X","X","X","X","X","X","X","X","X","X","X","X","X","X","X","23"
"83374","Goiás","Goiás","GO","15°55'S","50°08'W","512.2","X","X","X","X","X","","","X","X","*","X","X","X","X","X","X","X","","X","X","X","X","X","X","X","22"
"83522","Ipameri","Goiás","GO","17°43'S","48°10'W","773.0","","","X","","X","","","X","X","*","X","X","X","X","X","X","X","X","X","X","X","X","X","X","X","20"
"83464","Jataí","Goiás","GO","17°53'S","51°43'W","662.9","X","X","X","X","X","","","","*","X","","","","","*","","","","","","","","","","","8"
"83467","Mineiros","Goiás","GO","17°34'S","52°33'W","800.0","X","X","X","X","X","","","","X","*","X","X","X","X","X","X","X","X","X","","X","X","X","X","X","20"
"83376","Pirenópolis","Goiás","GO","15°51'S","48°58'W","740.0","X","X","X","X","X","","","X","X","*","X","X","X","X","X","X","X","X","X","X","X","X","X","X","X","22"
"83332","Posse","Goiás","GO","14°06'S","46°22'W","825.6","","","X","","X","","","X","X","X","X","X","X","X","X","X","X","","X","X","X","X","X","X","X","19"
"83470","Rio Verde","Goiás","GO","17°48'S","50°55'W","774.6","X","X","X","X","X","","","X","X","*","X","X","X","X","X","X","X","X","X","","X","X","X","X","X","21"
"82970","Alto Parnaíba","Maranhão","MA","09°06'S","45°56'W","285.1","","X","X","X","X","","","","X","X","","","","","X","X","X","X","X","","","","","","","11"
"82460","Bacabal","Maranhão","MA","04°13'S","44°46'W","25.1","","X","X","X","","","","X","X","*","X","X","","","X","X","X","X","X","","","","","","","13"
"82768","Balsas","Maranhão","MA","07°32'S","46°02'W","259.4","","X","X","X","X","","","X","X","X","X","X","","","X","X","X","","X","","","","","","","13"
"82571","Barra do Corda","Maranhão","MA","05°30'S","45°14'W","153.0","X","X","X","X","X","","","X","X","X","X","X","X","X","X","X","X","X","X","X","X","X","X","X","X","23"
"82765","Carolina","Maranhão","MA","07°20'S","47°28'W","192.8","X","X","X","X","X","","","X","X","*","X","X","X","X","X","X","X","X","X","X","X","X","X","X","X","23"
"82476","Caxias","Maranhão","MA","04°52'S","43°21'W","103.6","X","X","X","X","X","","","X","X","X","X","X","X","X","X","X","X","X","X","X","X","X","X","X","X","23"
"82382","Chapadinha","Maranhão","MA","03°44'S","43°21'W","103.5","","X","X","X","X","","","X","X","X","X","X","","","X","X","X","X","X","X","","","","","","15"
"82676","Colinas","Maranhão","MA","06°02'S","44°14'W","179.8","","X","X","X","X","","","X","X","*","X","X","","","X","X","X","X","X","X","","","","","","15"
"82568","Grajaú","Maranhão","MA","05°49'S","46°28'W","163.1","X","X","X","X","X","","","X","X","X","X","X","X","X","X","X","X","X","X","X","X","X","X","X","X","23"
"82564","Imperatriz","Maranhão","MA","05°32'S","47°29'W","123.3","X","X","X","X","X","","","X","X","*","X","X","X","X","X","X","X","X","X","X","X","X","X","X","X","23"
"82280","São Luis","Maranhão","MA","02°32'S","44°13'W","50.9","X","X","X","X","X","","","X","X","X","X","X","X","X","X","X","X","X","X","X","X","X","X","X","X","23"
"82198","Turiaçu","Maranhão","MA","01°34'S","45°22'W","44.1","","X","X","X","X","","","X","X","X","X","X","","","X","X","X","X","X","X","","","","","","15"
"82376","Zé Doca","Maranhão","MA","03°16'S","45°39'W","45.3","X","X","X","X","X","","","X","X","X","X","X","X","X","X","X","X","X","X","","X","X","X","X","X","22"
"83595","Aimorés","Minas Gerais","MG","19°29'S","41°04'W","82.7","","X","","X","","","","","*","X","","","","","*","","","","","","X","X","X","X","X","10"
"83442","Araçuaí","Minas Gerais","MG","16°50'S","42°03'W","289.0","X","X","X","X","X","","","X","X","*","X","X","X","X","X","X","X","X","X","X","X","X","X","X","X","23"
"83579","Araxá","Minas Gerais","MG","19°36'S","46°56'W","1023.6","X","X","X","","X","","","X","X","*","X","X","X","X","X","X","X","X","X","X","X","X","X","X","X","22"
"83384","Arinos","Minas Gerais","MG","15°54'S","46°03'W","519.0","","","","","","","","","X","X","X","X","X","X","X","X","X","","X","","","","","","","10"
"83582","Bambuí","Minas Gerais","MG","20°02'S","46°00'W","661.3","X","X","X","X","X","","","X","X","X","X","X","X","X","X","X","X","X","X","X","X","X","X","X","X","23"
"83689","Barbacena","Minas Gerais","MG","21°15'S","43°46'W","1126.0","X","X","X","X","X","","","X","X","X","X","X","X","X","X","X","X","X","X","X","X","X","X","X","X","23"
"83587","Belo Horizonte","Minas Gerais","MG","19°56'S","43°56'W","915.0","X","X","X","","X","","","X","X","X","X","X","X","X","X","X","X","X","X","X","X","X","X","X","X","22"
"83681","Caldas (P. de Caldas)","Minas Gerais","MG","21°55'S","46°23'W","1150.0","X","X","X","X","X","","","X","*","","","X","X","X","X","X","X","X","X","X","X","X","X","X","X","21"
"83685","Cambuquira","Minas Gerais","MG","21°51'S","45°18'W","950.0","X","X","X","X","X","","","X","X","X","X","X","X","X","X","X","X","X","X","X","X","X","X","X","X","23"
"83639","Caparaó","Minas Gerais","MG","20°31'S","41°54'W","843.2","","X","","X","","","","","*","X","","","","","*","","","","","","X","X","X","X","X","10"
"83514","Capinópolis","Minas Gerais","MG","18°43'S","49°33'W","620.6","X","X","X","X","X","","","X","X","X","X","X","X","X","X","X","X","X","X","","X","X","X","X","X","22"
"83592","Caratinga","Minas Gerais","MG","19°48'S","42°09'W","609.6","X","X","X","X","X","","","X","X","X","X","X","X","X","X","X","X","X","X","X","X","X","X","X","X","23"
"83027","Cataguases","Minas Gerais","MG","21°23'S","42°41'W","168.0","X","X","X","X","X","","","X","X","*","X","X","X","X","X","X","X","X","X","X","X","X","X","X","X","23"
"83686","Caxambu","Minas Gerais","MG","21°58'S","44°56'W","958.5","X","X","X","X","X","","","","","X","X","X","X","X","X","X","X","X","X","X","","","","","","16"
"83589","Conceição do Mato Dentro","Minas Gerais","MG","19°01'S","43°26'W","652.0","X","X","X","X","X","","","X","X","*","X","X","X","X","X","X","X","","X","X","X","X","X","X","X","22"
"83037","Coronel Pacheco","Minas Gerais","MG","21°34'S","43°15'W","435.0","X","X","X","X","X","","","X","X","X","X","X","X","X","X","X","X","X","X","X","X","X","X","X","X","23"
"83536","Curvelo","Minas Gerais","MG","18°45'S","44°27'W","672.0","X","X","X","X","X","","","","X","X","X","X","X","X","X","X","X","X","X","X","X","X","X","X","X","22"
"83538","Diamantina","Minas Gerais","MG","18°15'S","43°36'W","1296.1","X","X","X","X","X","","","X","X","X","X","X","X","X","X","X","X","X","X","X","X","X","X","X","X","23"
"83338","Espinosa","Minas Gerais","MG","14°55'S","42°51'W","569.6","X","X","X","X","X","","","X","X","X","X","X","X","X","X","X","X","X","X","X","X","X","X","X","X","23"
"83657","Fazenda Monte Alegre","Minas Gerais","MG","21°19'S","46°22'W","823.0","","","X","","","","","","","","","X","","","","X","X","","X","","","","","","","5"
"83581","Florestal","Minas Gerais","MG","19°53'S","44°25'W","753.0","X","X","X","X","X","","","X","X","X","X","X","X","X","X","X","X","X","X","X","X","X","X","X","X","23"
"83334","Formoso","Minas Gerais","MG","14°56'S","46°15'W","840.0","","","","","","","","","X","*","X","X","X","X","X","X","X","","X","","","","","","","10"
"83574","Frutal","Minas Gerais","MG","20°02'S","48°56'W","543.7","X","X","X","X","X","","","X","","","X","X","X","X","X","X","X","X","X","X","X","X","X","X","X","21"
"83543","Governador Valadares","Minas Gerais","MG","18°51'S","41°56'W","148.0","X","X","X","X","X","","","X","X","*","X","X","X","X","X","X","X","X","X","X","X","X","X","X","X","23"
"83632","Ibirité","Minas Gerais","MG","20°01'S","44°03'W","814.5","X","X","X","X","X","","","X","X","X","X","X","X","X","X","X","X","X","X","X","X","X","X","X","X","23"
"83590","Itabira","Minas Gerais","MG","19°37'S","43°13'W","845.0","","","","","","","","","X","*","X","X","X","X","X","X","X","","X","","","","","","","10"
"83488","Itamarandiba","Minas Gerais","MG","17°51'S","42°51'W","1097.0","X","X","X","X","X","","","X","X","*","X","X","X","X","X","X","X","X","X","X","X","X","X","X","X","23"
"83490","Itambacuri","Minas Gerais","MG","18°01'S","41°01'W","285.4","X","X","X","X","X","","","","","X","X","X","X","X","X","X","X","","X","","X","X","X","X","X","19"
"83386","Januária","Minas Gerais","MG","15°27'S","44°22'W","473.7","X","X","X","X","X","","","X","X","*","X","X","X","X","X","X","X","X","X","","X","X","X","X","X","22"
"83591","João Monlevade","Minas Gerais","MG","19°50'S","43°07'W","859.8","X","X","X","X","X","","","X","X","X","X","X","X","X","X","X","X","X","X","X","X","X","X","X","X","23"
"83481","João Pinheiro","Minas Gerais","MG","17°42'S","46°10'W","760.4","X","X","X","X","X","","","X","X","*","X","X","X","X","X","X","X","X","X","X","X","X","X","X","X","22"
"83692","Juiz de Fora","Minas Gerais","MG","21°46'S","43°21'W","940.0","X","X","X","X","X","","","X","X","X","X","X","X","X","X","X","X","X","X","X","X","X","X","X","X","23"
"83032","Lambari","Minas Gerais","MG","21°57'S","45°19'W","878.5","","","","","","","","","","X","","","","","","","","","","","","","","","","1"
"83687","Lavras","Minas Gerais","MG","21°45'S","45°00'W","918.8","X","X","X","X","X","","","X","X","*","X","X","X","X","X","X","X","X","X","X","X","X","X","X","X","22"
"83023","Lavras-ESAL.","Minas Gerais","MG","21°14'S","45°00'W","842.4","X","X","X","X","X","","","","X","X","X","X","X","X","X","X","X","X","X","X","X","X","X","X","X","22"
"83683","Machado","Minas Gerais","MG","21°39'S","45°54'W","873.4","X","X","X","X","X","","","X","X","*","X","X","X","X","X","X","X","X","X","X","X","X","X","X","X","22"
"83015","Maria da Fé","Minas Gerais","MG","22°18'S","45°23'W","1276.3","","","","","","","","","","","X","X","","","X","X","X","","X","","","","","","","6"
"83440","Minas Novas","Minas Gerais","MG","17°14'S","42°35'W","920.8","X","X","X","X","X","","","","","*","X","","X","","X","X","X","","X","X","X","X","X","X","X","17"
"83389","Mocambinho ","Minas Gerais","MG","15°05'S","44°01'W","452.0","","","X","","","","","","X","X","","","","","X","X","X","","X","","","","","","","7"
"83388","Monte Azul","Minas Gerais","MG","15°05'S","42°45'W","603.6","","X","X","X","X","","","","X","*","X","X","","","X","X","X","","X","","X","X","X","X","X","16"
"83437","Montes Claros","Minas Gerais","MG","16°41'S","43°50'W","646.3","X","X","X","X","X","","","X","X","*","X","X","X","X","X","X","X","X","X","","X","X","X","X","X","22"
"83694","Muriaé","Minas Gerais","MG","21°08'S","42°20'W","270.8","","X","X","","","","","","","","X","X","","","","X","X","","X","","","","","","","7"
"83637","Oliveira","Minas Gerais","MG","20°41'S","44°49'W","966.5","X","X","X","X","X","","","X","X","X","X","X","X","X","X","X","X","X","X","X","X","X","X","X","X","23"
"83732","Ouro Fino","Minas Gerais","MG","22°17'S","46°22'W","925.7","X","X","X","X","X","","","","","","","X","X","X","X","X","X","X","X","X","","","","","","14"
"83479","Paracatu","Minas Gerais","MG","17°14'S","46°53'W","712.0","","","","","","","","X","X","*","X","X","X","X","X","X","X","","X","","X","X","X","X","X","15"
"83737","Passa Quatro","Minas Gerais","MG","22°23'S","44°58'W","920.0","X","X","X","X","X","","","X","X","","X","X","X","X","X","X","X","X","X","X","X","X","X","X","X","22"
"83531","Patos de Minas","Minas Gerais","MG","18°31'S","46°26'W","940.3","X","X","X","X","X","","","X","X","X","X","X","X","X","X","X","X","X","X","X","X","X","X","X","X","23"
"83539","Patrocínio","Minas Gerais","MG","18°57'S","47°00'W","934.0","X","X","X","","","","","","","*","X","X","X","X","X","X","X","","X","","X","X","X","X","X","16"
"83393","Pedra Azul","Minas Gerais","MG","16°00'S","41°17'W","648.9","X","X","X","X","X","","","","X","X","X","X","X","X","X","X","X","X","X","","X","X","X","X","X","21"
"83483","Pirapora","Minas Gerais","MG","17°21'S","44°55'W","505.2","X","X","X","X","X","","","X","X","*","X","X","X","X","X","X","X","X","X","X","X","X","X","X","X","22"
"83570","Pompeu","Minas Gerais","MG","19°13'S","45°00'W","690.9","X","X","X","X","X","","","X","X","*","X","X","X","X","X","X","X","","X","","X","X","X","X","X","21"
"83441","Salinas","Minas Gerais","MG","16°10'S","42°18'W","471.3","X","X","X","X","X","","","X","X","X","X","X","X","X","X","X","X","X","X","","X","X","X","X","X","22"
"83385","São Francisco","Minas Gerais","MG","15°57'S","44°52'W","446.5","X","X","X","X","X","","","X","","*","X","X","X","X","X","X","X","X","X","X","X","X","X","X","X","22"
"83688","São João del-Rei","Minas Gerais","MG","21°18'S","44°16'W","991.0","X","X","X","X","X","","","X","X","X","X","X","X","X","X","X","X","X","X","X","X","X","X","X","X","23"
"83736","São Lourenço","Minas Gerais","MG","22°06'S","45°01'W","953.2","X","X","X","X","X","","","X","X","*","X","X","X","X","X","X","X","X","X","X","X","X","X","X","X","22"
"83631","São Sebas. do Paraíso","Minas Gerais","MG","20°55'S","47°07'W","820.0","X","X","X","","","","","","","","X","X","X","X","X","X","X","","X","","X","X","X","X","X","16"
"83586","Sete Lagoas","Minas Gerais","MG","19°28'S","44°15'W","732.0","X","X","X","X","X","","","X","X","*","X","X","X","X","X","X","X","X","X","X","X","X","X","X","X","22"
"83492","Teófilo Otoni","Minas Gerais","MG","17°51'S","41°30'W","356.4","X","X","X","X","X","","","X","X","*","X","X","X","X","X","X","X","X","X","X","X","X","X","X","X","22"
"83577","Uberaba","Minas Gerais","MG","19°44'S","47°57'W","737.0","X","X","X","X","X","","","X","X","X","X","X","X","X","X","X","X","X","X","X","X","X","X","X","X","23"
"83428","Unaí","Minas Gerais","MG","16°22'S","46°33'W","460.0","","","X","","","","","","*","X","","","","","*","","","","","","X","X","X","X","X","9"
"83594","Usiminas","Minas Gerais","MG","19°29'S","42°32'W","298.6","","","X","","","","","","X","X","X","X","X","X","X","X","X","","X","","X","X","X","X","X","16"
"83642","Viçosa","Minas Gerais","MG","20°45'S","42°51'W","689.7","X","X","X","X","X","","","X","X","X","X","X","X","X","X","X","X","X","X","X","X","X","X","X","X","23"
"83615"," Água Clara","Mato Grosso do Sul","MS","20°26'S","52°52'W","316.4","","","","","","","","","","X","","","","","","","","","","","","","","","","1"
"83608","Aquidauana","Mato Grosso do Sul","MS","20°28'S","55°48'W","207.4","","","X","","X","","","","","X","X","X","X","X","X","X","X","X","X","X","X","X","X","X","X","18"
"83611","Campo Grande","Mato Grosso do Sul","MS","20°27'S","54°37'W","530.7","X","X","X","X","X","","","X","X","*","X","X","X","X","X","X","X","X","X","X","X","X","X","X","X","22"
"83552","Corumbá ","Mato Grosso do Sul","MS","19°01'S","57°39'W","130.0","","X","","X","","","","","*","*","","","","","*","","","","","","X","X","X","X","X","10"
"83512","Coxim","Mato Grosso do Sul","MS","18°30'S","54°46'W","287.0","X","X","X","X","X","","","X","X","X","X","X","X","X","X","X","X","","X","","X","X","X","X","X","21"
"83659","Dourados","Mato Grosso do Sul","MS","22°14'S","54°59'W","452.0","X","X","X","X","X","","","X","X","X","X","X","X","X","X","X","X","","X","X","X","X","X","X","X","22"
"83704","Ivinhema","Mato Grosso do Sul","MS","22°18'S","53°49'W","369.2","X","X","X","X","X","","","X","X","X","X","X","X","X","X","X","X","X","X","X","X","X","X","X","X","23"
"83565","Paranaíba","Mato Grosso do Sul","MS","19°45'S","51°11'W","331.2","X","X","X","X","X","","","X","X","*","X","X","X","X","X","X","X","X","X","X","X","X","X","X","X","22"
"83702","Ponta Porã","Mato Grosso do Sul","MS","22°32'S","55°32'W","650.0","X","X","X","X","X","","","X","X","X","X","X","X","X","X","X","X","X","X","X","X","X","X","X","X","23"
"83618","Três Lagoas","Mato Grosso do Sul","MS","20°47'S","51°42'W","313.0","","","X","","X","","","X","X","X","X","X","X","X","X","X","X","X","X","X","X","X","X","X","X","20"
"83405","Cáceres","Mato Grosso ","MT","16°03'S","57°41'W","118.0","X","X","X","X","X","","","X","X","*","X","X","X","X","X","X","X","X","X","X","X","X","X","X","X","23"
"83361","Cuiabá","Mato Grosso ","MT","15°33'S","56°07'W","151.3","X","X","X","X","X","","","X","X","*","X","X","X","X","X","X","X","","X","X","X","X","X","X","X","22"
"83309","Diamantino","Mato Grosso ","MT","14°24'S","56°27'W","286.3","X","X","X","X","X","","","X","X","*","X","X","X","X","X","X","X","X","X","X","X","X","X","X","X","23"
"83264","Gleba Celeste","Mato Grosso ","MT","12°12'S","56°30'W","415.0","X","X","X","X","X","","","X","X","*","X","X","X","X","X","X","X","X","X","X","X","X","X","X","X","23"
"83367","Meruri","Mato Grosso ","MT","15°32'S","53°05'W","418.0","","X","X","X","X","","","","","","X","X","","","X","X","X","X","X","X","X","X","X","X","X","17"
"83358","Poxoréo","Mato Grosso ","MT","15°50'S","54°23'W","450.0","","","","","","","","","","X","X","X","","","X","X","X","X","X","X","X","","","","","10"
"83310","Rosário do Oeste","Mato Grosso ","MT","14°49'S","56°26'W","136.0","","","","","","","","","","","","","","","X","X","X","X","X","X","","","","","","6"
"83365","Sangradouro","Mato Grosso ","MT","15°38'S","53°50'W","555.3","X","X","X","X","X","","","X","","","X","X","X","X","X","X","X","X","X","X","X","X","X","X","X","21"
"83262","Utiariti","Mato Grosso ","MT","13°02'S","58°17'W","385.8","","","","","","","","","","X","","","","","","","","","","","","","","","","1"
"82353","Altamira","Pará","PA","03°13'S","52°13'W","74.0","X","X","X","X","X","","","X","X","*","X","X","X","X","X","X","X","X","X","X","X","X","X","X","X","23"
"82741","Alto Tapajós","Pará","PA","07°21'S","57°31'W","140.0","X","X","X","X","X","","","X","X","X","X","X","X","X","X","X","X","X","X","X","X","X","X","X","X","23"
"82191","Belém","Pará","PA","01°26'S","48°26'W","10.0","X","X","X","X","X","","","X","X","X","X","X","X","X","X","X","X","X","X","X","X","X","X","X","X","23"
"82246","Belterra","Pará","PA","02°38'S","54°57'W","175.7","X","X","X","X","X","","","X","X","X","X","X","X","X","X","X","X","X","X","X","X","X","X","X","X","23"
"82188","Breves","Pará","PA","01°41'S","50°29'W","14.7","X","X","X","X","X","","","X","X","X","X","X","X","X","X","X","X","X","X","X","X","X","X","X","X","23"
"82263","Cametá","Pará","PA","02°15'S","49°30'W","23.9","X","X","X","X","X","","","","X","X","X","X","X","X","X","X","X","X","X","X","X","X","X","X","X","22"
"82861","Conceição do Araguaia","Pará","PA","08°16'S","49°16'W","156.8","X","X","X","X","X","","","X","X","X","X","X","X","X","X","X","X","X","X","X","X","X","X","X","X","23"
"82445","Itaituba","Pará","PA","04°17'S","56°00'W","45.0","X","X","X","X","X","","","X","X","X","X","X","X","X","X","X","X","X","X","X","X","X","X","X","X","23"
"82562","Marabá","Pará","PA","05°22'S","49°08'W","95.0","X","X","X","X","X","","","X","X","*","X","X","X","X","X","X","X","X","X","X","X","X","X","X","X","23"
"82181","Monte Alegre","Pará","PA","02°00'S","54°05'W","145.8","X","X","X","X","X","","","X","X","X","X","X","X","X","X","X","X","X","X","X","X","X","X","X","X","23"
"82178","Óbidos","Pará","PA","01°55'S","55°31'W","37.0","X","X","X","X","X","","","X","X","X","X","X","X","X","X","X","X","X","X","X","X","X","X","X","X","23"
"82184","Porto de Moz","Pará","PA","01°44'S","52°14'W","15.9","X","X","X","X","X","","","X","X","X","X","X","X","X","X","X","X","X","X","X","X","X","X","X","X","23"
"82243","Santarém (Taperinha)","Pará","PA","02°25'S","54°20'W","20.0","X","X","X","X","X","","","X","X","X","X","X","X","X","X","X","X","X","X","X","X","X","X","X","X","23"
"82668","São Félix do Xingu","Pará","PA","06°38'S","51°58'W","206.0","X","X","X","X","X","","","X","X","*","X","X","X","X","X","X","X","X","X","X","X","X","X","X","X","23"
"82141","Soure","Pará","PA","00°44'S","48°31'W","10.5","X","X","X","X","X","","","X","X","X","X","X","X","X","","X","X","X","X","X","X","X","X","X","X","22"
"82194","Tracuateua (Desativada)","Pará","PA","01°05'S","46°54'W","36.0","X","X","X","X","X","","","X","X","X","X","X","","","X","X","X","X","X","X","X","","","","","17"
"82145","Tracuateua (Operante)","Pará","PA","01°04'S","46°54'W","36.0","X","X","X","X","X","","","X","X","X","X","X","X","X","X","X","X","X","X","X","X","X","X","X","X","23"
"82361","Tucuruí","Pará","PA","03°46'S","49°40'W","40.0","X","X","X","X","X","","","X","X","X","X","X","X","X","X","X","X","X","X","X","X","X","X","X","X","23"
"82795","Campina Grande","Paraíba","PB","07°13'S","35°53'W","547.6","X","X","X","X","X","","","X","X","X","X","X","X","X","X","X","X","X","X","X","X","X","X","X","X","23"
"82798","João Pessoa","Paraíba","PB","07°06'S","34°52'W","7.4","X","X","X","X","X","","","X","X","X","X","X","X","X","X","X","X","X","X","X","X","X","X","X","X","23"
"82792","Monteiro","Paraíba","PB","07°53'S","37°04'W","603.7","X","X","X","X","X","","","X","X","*","X","X","X","X","X","X","X","X","X","X","X","X","X","X","X","23"
"82689","São Gonçalo","Paraíba","PB","06°45'S","38°13'W","233.1","X","X","X","X","X","","","","X","X","X","X","X","X","X","X","X","X","X","X","X","X","X","X","X","22"
"82779","Umbuzeiro","Paraíba","PB","07°42'S","35°40'W","499.2","","","X","","X","","","X","","","X","X","X","X","X","X","X","","X","","","","","","","11"
"82890","Arcoverde","Pernambuco","PE","08°25'S","37°05'W","680.7","X","X","X","X","X","","","X","X","*","X","X","X","X","X","X","X","X","X","X","","","","","","18"
"82886","Cabrobó","Pernambuco","PE","08°31'S","39°20'W","341.5","X","X","X","X","X","","","X","X","*","X","X","X","X","X","X","X","X","X","X","X","X","X","X","X","23"
"82895","Caruaru","Pernambuco","PE","08°17'S","35°58'W","537.2","X","X","X","X","X","","","","","X","X","X","X","X","X","X","X","X","X","","X","X","X","X","X","20"
"82887","Floresta","Pernambuco","PE","08°36'S","38°34'W","309.7","X","X","X","X","X","","","","X","*","X","X","X","X","X","X","X","X","X","X","X","X","X","X","X","22"
"82893","Garanhuns","Pernambuco","PE","08°53'S","36°31'W","822.8","X","X","X","X","X","","","X","X","X","X","X","X","X","X","X","X","X","X","X","X","X","X","X","X","23"
"82898","Olinda","Pernambuco","PE","08°01'S","34°51'W","55.0","","","","","","","","","","X","","","","","","","","","","","","","","","","1"
"82753","Ouricuri","Pernambuco","PE","07°54'S","40°03'W","459.3","","","","","","","","","","X","","","","","","","","","","","","","","","","1"
"82892","Pesqueira","Pernambuco","PE","08°24'S","36°46'W","639.0","X","X","X","X","X","","","","","X","X","X","X","X","X","X","X","X","X","X","X","X","X","X","X","21"
"82987","Petrolândia","Pernambuco","PE","09°04'S","38°19'W","286.0","","","X","","X","","","","","X","X","X","X","X","X","X","X","X","X","X","X","X","X","X","X","18"
"82983","Petrolina","Pernambuco","PE","09°22'S","40°28'W","370.5","X","X","X","X","X","","","X","X","X","X","X","X","X","X","X","X","X","X","X","X","X","X","X","X","23"
"82900","Recife (Curado)","Pernambuco","PE","08°03'S","34°57'W","10.0","X","X","X","X","X","","","X","X","X","X","X","X","X","X","X","X","X","X","X","X","X","X","X","X","23"
"82797","Surubim","Pernambuco","PE","07°50'S","35°43'W","418.3","X","X","X","X","X","","","","X","*","X","X","X","X","X","X","X","X","X","X","X","X","X","X","X","22"
"82789","Triunfo","Pernambuco","PE","07°49'S","38°07'W","1105.0","X","X","X","X","X","","","X","X","*","X","X","X","X","X","X","X","X","X","X","X","X","X","X","X","23"
"82605","Alto Longa (Piloto do Longa)","Piauí","PI","05°12'S","42°15'W","150.0","","","","","","","","","","X","","","","","","","","","","","","","","","","1"
"82975","Bom Jesus do Piauí","Piauí","PI","09°06'S","44°07'W","331.7","X","X","X","X","X","","","X","X","*","X","X","X","X","X","X","X","X","X","X","X","X","X","X","X","23"
"82474","Caldeirão","Piauí","PI","04°17'S","41°48'W","160.0","","","","","","","","","","X","","","","","","","","","","","","","","","","1"
"82976","Caracol","Piauí","PI","09°17'S","43°20'W","522.8","","","","","","","","","","X","","","","","","","","","","","","","","","","1"
"82678","Floriano","Piauí","PI","06°46'S","43°01'W","123.3","X","X","X","X","X","","","X","X","X","X","X","X","X","X","X","X","","X","","","","","","","16"
"82296","Luzilândia (Lag. do Piauí)","Piauí","PI","03°25'S","42°17'W","49.0","","","","","","","","","","X","","","","","","","","","","","","","","","","1"
"82684","Morro dos Cavalos","Piauí","PI","07°51'S","41°54'W","242.0","","X","","X","","","","","X","*","X","X","X","X","X","X","X","X","X","","","","","","","13"
"82287","Parnaíba","Piauí","PI","03°05'S","41°46'W","79.5","","X","X","X","X","","","","X","X","","","","","X","X","X","X","X","X","","","","","","12"
"82882","Paulistana","Piauí","PI","08°08'S","41°08'W","374.2","","","","","","","","","","X","","","","","","","","","","","","","","","","1"
"82780","Picos","Piauí","PI","07°02'S","41°29'W","207.9","X","X","X","X","X","","","","X","X","X","X","X","X","X","X","X","X","X","X","","X","X","X","X","21"
"82879","São João do Piauí","Piauí","PI","08°21'S","42°15'W","235.3","","","","","","","","","","X","","","","","","","","","","","","","","","","1"
"82578","Teresina","Piauí","PI","05°05'S","42°49'W","74.4","X","X","X","X","X","","","X","X","X","X","X","X","X","X","X","X","X","X","X","X","X","X","X","X","23"
"82870","Vale do Gurgueia (Cristiano Castro)","Piauí","PI","08°25'S","43°43'W","265.0","","","","","","","","","","X","","","","","","","","","","","","","","","","1"
"83783","Campo Mourão","Paraná","PR","24°03'S","52°22'W","616.4","X","X","X","X","X","","","X","X","*","X","X","X","X","X","X","X","X","X","X","X","X","X","X","X","22"
"83813","Castro","Paraná","PR","24°47'S","50°00'W","1008.8","X","X","X","X","X","","","X","X","X","X","X","X","X","X","X","X","X","X","X","X","X","X","X","X","23"
"83842","Curitiba","Paraná","PR","25°26'S","49°16'W","923.5","X","X","X","X","X","","","X","X","X","X","X","X","X","X","X","X","X","X","X","X","X","X","X","X","23"
"83826","Foz do lguaçu","Paraná","PR","25°33'S","54°34'W","154.0","X","X","X","X","X","","","X","X","X","X","X","X","X","X","X","X","X","X","X","X","X","X","X","X","23"
"83775","Guaíra","Paraná","PR","24°05'S","54°15'W","230.1","X","X","X","X","X","","","X","X","X","X","X","X","X","X","X","X","X","X","X","X","X","X","X","X","23"
"83834","Guarapuava","Paraná","PR","25°24'S","51°28'W","1135.8","X","X","X","X","X","","","X","","","X","X","X","X","X","X","X","X","X","X","X","X","X","X","X","21"
"83836","Irati","Paraná","PR","25°28'S","50°38'W","837.0","X","X","X","X","X","","","X","X","X","X","X","X","X","X","X","X","X","X","X","X","X","X","X","X","23"
"83811","Ivaí","Paraná","PR","25°00'S","50°51'W","808.0","X","X","X","X","X","","","X","","","X","X","X","X","X","X","X","X","X","X","X","X","X","X","X","21"
"83769","Jacarezinho","Paraná","PR","23°09'S","49°58'W","470.7","X","X","X","X","X","","","X","X","X","X","X","X","X","X","X","X","X","X","X","X","X","X","X","X","23"
"83766","Londrina","Paraná","PR","23°19'S","51°08'W","566.0","X","X","X","X","X","","","X","X","*","X","X","X","X","X","X","X","X","X","X","X","X","X","X","X","23"
"83767","Maringá","Paraná","PR","23°24'S","51°55'W","542.0","X","X","X","X","X","","","X","X","X","X","X","X","X","X","X","X","X","X","X","X","X","X","X","X","23"
"83860","Palmas","Paraná","PR","26°29'S","51°59'W","1090.5","X","X","X","X","X","","","X","","","","X","X","X","X","X","X","X","X","X","X","X","X","X","X","20"
"83844","Paranaguá","Paraná","PR","25°32'S","48°31'W","4.5","X","X","X","X","X","","","X","X","*","X","X","X","X","X","X","X","X","X","X","X","X","X","X","X","22"
"83837","Ponta Grossa","Paraná","PR","25°06'S","50°10'W","868.5","X","X","X","X","X","","","X","X","","X","X","X","X","X","X","X","X","X","X","X","X","X","X","X","22"
"83867","Rio Negro","Paraná","PR","26°06'S","49°48'W","824.1","X","X","X","X","X","","","X","X","*","X","X","X","X","X","X","X","X","X","X","X","X","X","X","X","23"
"83025","São Mateus do Sul","Paraná","PR","25°52'S","50°23'W","808.5","X","X","X","X","X","","","X","X","*","X","","X","","X","X","X","","X","X","X","X","X","X","X","19"
"83828","Toledo","Paraná","PR","24°24'S","53°44'W","574.2","X","X","X","X","X","","","X","","","X","X","X","X","","X","X","","X","","X","X","X","X","X","19"
"83007","Alto da Boa Vista","Rio de Janeiro","RJ","22°57'S","43°16'W","347.1","X","X","X","X","X","","","","","*","X","X","X","X","X","X","X","X","X","X","","","","","","16"
"83788","Angra dos Reis","Rio de Janeiro","RJ","23°01'S","44°19'W","3.0","X","X","X","X","X","","","X","X","X","X","X","X","X","X","X","X","X","X","X","X","X","X","X","X","23"
"83765","Araras","Rio de Janeiro","RJ","22°31'S","43°11'W","820.0","X","X","X","X","X","","","","","","X","X","X","X","X","X","X","X","X","X","X","X","X","X","X","20"
"83049","Avelar","Rio de Janeiro","RJ","22°21'S","43°25'W","507.0","","","","","","","","","","X","","","","","","","","","","","","","","","","1"
"83790","Bangu","Rio de Janeiro","RJ","22°52'S","43°27'W","40.3","X","X","X","X","X","","","","","X","X","X","X","X","X","X","X","X","X","X","","","","","","16"
"83752","Barreirinha","Rio de Janeiro","RJ","22°27'S","44°50'W","756.0","X","X","X","X","X","","","","X","","X","X","X","X","X","X","X","X","X","X","X","X","X","X","X","21"
"83719","Cabo Frio (Alcalis)","Rio de Janeiro","RJ","22°59'S","42°02'W","7.0","X","X","X","X","X","","","X","X","X","X","X","X","X","X","X","X","X","X","X","X","X","X","X","X","23"
"83698","Campos ","Rio de Janeiro","RJ","21°45'S","41°20'W","11.2","X","X","X","X","X","","","X","X","X","","X","X","X","X","X","X","X","X","X","X","X","X","X","X","22"
"83807","Carmo","Rio de Janeiro","RJ","21°56'S","42°36'W","342.2","X","X","X","X","X","","","X","","","X","X","X","X","X","X","X","X","X","X","X","X","X","X","X","21"
"83718","Cordeiro","Rio de Janeiro","RJ","22°01'S","42°21'W","505.9","X","X","X","X","X","","","X","X","X","X","X","X","X","X","X","X","","X","","X","X","X","X","X","21"
"83741","Ecologia Agrícola","Rio de Janeiro","RJ","22°48'S","43°41'W","33.0","X","X","X","X","X","","","","X","X","X","X","X","X","X","X","X","X","X","X","X","X","X","X","X","22"
"83792","Engenho de Dentro","Rio de Janeiro","RJ","22°53'S","43°18'W","30.0","X","X","X","X","X","","","","","X","X","X","X","X","X","X","X","X","X","X","","","","","","16"
"83087","Gra. Juriti (Petrópolis)","Rio de Janeiro","RJ","22°16'S","43°01'W","980.0","","","","","","","","","","X","","","","","","","","","","","","","","","","1"
"83114","Iguaba Grande","Rio de Janeiro","RJ","22°50'S","42°11'W","5.6","","","","","","","","","","X","","","","","","","","","","","","","","","","1"
"83758","Ilha Guaíba","Rio de Janeiro","RJ","23°00'S","44°02'W","64.0","X","X","X","X","X","","","X","X","X","X","X","X","X","X","X","X","","X","","X","X","X","X","X","21"
"83695","Itaperuna","Rio de Janeiro","RJ","21°12'S","41°54'W","123.6","X","X","X","X","X","","","X","X","*","X","X","X","X","X","X","X","X","X","X","X","X","X","X","X","23"
"83793","Jacarepaguá","Rio de Janeiro","RJ","22°59'S","43°22'W","12.0","X","X","X","X","X","","","","","","X","X","X","X","X","X","X","X","X","X","","","","","","15"
"83796","Jardim Botânico","Rio de Janeiro","RJ","22°58'S","43°13'W","5.0","","X","X","X","X","","","","","X","X","X","","","X","X","X","X","X","","X","X","X","X","X","17"
"83745","Nova Friburgo","Rio de Janeiro","RJ","22°15'S","42°31'W","856.6","X","X","X","X","X","","","X","X","X","X","X","X","X","X","X","X","X","X","X","X","X","X","X","X","23"
"83791","Penha","Rio de Janeiro","RJ","22°49'S","43°13'W","65.0","X","X","X","X","X","","","","","X","X","X","X","X","X","X","X","X","X","X","","","","","","16"
"83754","Pinheiral","Rio de Janeiro","RJ","22°31'S","44°00'W","385.0","X","X","X","X","X","","","X","X","","X","X","X","X","X","X","X","X","X","","X","X","X","X","X","21"
"83757","Piraí","Rio de Janeiro","RJ","22°38'S","43°54'W","388.1","X","X","X","X","X","","","X","X","*","X","X","X","X","X","X","X","X","X","X","X","X","X","X","X","23"
"83738","Resende","Rio de Janeiro","RJ","22°27'S","44°26'W","439.9","X","X","X","X","X","","","X","X","","X","X","X","X","X","X","X","X","X","X","X","X","X","X","X","22"
"83743","Rio de Janeiro","Rio de Janeiro","RJ","22°53'S","43°11'W","11.1","X","X","X","X","X","","","X","X","*","X","X","X","X","X","X","X","X","X","X","X","X","X","X","X","23"
"83789","Santa Cruz","Rio de Janeiro","RJ","22°55'S","43°41'W","63.0","","","X","X","X","","","","","X","X","X","","","","X","X","X","X","","X","X","X","X","X","15"
"83696","Santa Maria Madalena","Rio de Janeiro","RJ","21°57'S","42°00'W","620.0","X","X","","X","X","","","X","X","X","","X","X","X","X","X","X","X","X","X","X","X","X","X","X","21"
"83798","Santa Teresa","Rio de Janeiro","RJ","22°55'S","43°11'W","180.0","X","X","X","X","X","","","","","","X","X","X","X","X","X","X","","X","X","","","","","","14"
"83805","Santo Antônio de Pádua","Rio de Janeiro","RJ","21°32'S","42°09'W","95.0","X","X","X","X","X","","","","","","X","X","X","X","","","","","","","X","X","X","X","X","14"
"83802","São Bento (Duque de Caxias)","Rio de Janeiro","RJ","22°44'S","43°18'W","6.0","X","X","X","X","X","","","","X","X","X","X","X","X","*","X","X","X","X","X","X","X","X","X","X","22"
"83697","São Fidelis","Rio de Janeiro","RJ","21°37'S","41°46'W","74.2","","X","X","X","X","","","","","","","","","","","","","","","","","","","","","4"
"83744","Teresópolis","Rio de Janeiro","RJ","22°25'S","42°58'W","874.2","","","","","","","","","","","","","","","","","","","","","X","X","X","X","X","5"
"83806","Teresópolis - P. Nacional","Rio de Janeiro","RJ","22°27'S","42°56'W","959.0","X","X","X","X","X","","","","X","X","X","X","X","X","X","X","X","X","X","X","X","X","X","X","X","22"
"83763","Tinguá","Rio de Janeiro","RJ","22°35'S","43°21'W","125.0","X","X","X","X","X","","","","","X","X","X","X","X","X","X","X","X","X","X","X","X","X","X","X","21"
"83742","Vassouras","Rio de Janeiro","RJ","22°24'S","43°40'W","437.0","X","X","X","X","X","","","X","X","X","X","X","X","X","X","X","X","X","X","X","X","X","X","X","X","23"
"83764","Xerém","Rio de Janeiro","RJ","22°35'S","43°30'W","143.0","","","X","","X","","","X","","X","X","X","X","X","X","X","X","X","X","","X","X","X","X","X","18"
"82590","Apodí","Rio Grande do Norte","RN","05°37'S","37°49'W","150.0","X","X","X","X","X","","","","X","X","X","X","X","X","X","X","X","X","X","X","X","X","X","X","X","22"
"82596","Ceará Mirim","Rio Grande do Norte","RN","05°39'S","35°39'W","61.4","X","X","X","X","X","","","X","X","X","X","X","X","X","X","X","X","","X","","","","","","","16"
"82693","Cruzeta","Rio Grande do Norte","RN","06°26'S","36°35'W","226.5","X","X","X","X","X","","","X","X","X","X","X","X","X","X","X","X","X","X","X","X","X","X","X","X","23"
"82691","Florânia","Rio Grande do Norte","RN","06°07'S","36°49'W","324.4","X","X","X","X","X","","","X","X","X","X","X","X","X","X","X","X","X","X","X","X","X","X","X","X","23"
"82594","Macau","Rio Grande do Norte","RN","05°07'S","36°46'W","3.4","X","X","X","X","X","","","X","X","X","X","X","X","X","X","X","X","X","X","X","X","X","X","X","X","23"
"82591","Mossoró","Rio Grande do Norte","RN","05°12'S","37°18'W","38.0","","X","","X","","","","","*","X","","","","","*","","","","","","","","","","","5"
"82598","Natal","Rio Grande do Norte","RN","05°55'S","35°12'W","48.6","X","X","X","X","X","","","X","X","*","X","X","X","X","X","X","X","X","X","X","X","X","X","X","X","23"
"82825","Porto Velho","Rondônia","RO","08°46'S","63°55'W","95.0","X","X","X","X","X","","","X","X","X","X","X","X","X","X","X","X","X","X","X","X","X","X","X","X","23"
"82024","Boa Vista","Roraima","RR","02°49'N","60°39'W","90.0","X","X","X","X","X","","","X","X","X","X","X","X","X","X","X","X","X","X","X","X","X","X","X","X","23"
"82042","Caracaraí","Roraima","RR","01°50'N","61°08'W","94.0","","","","","","","","","*","","","","","","","","","","","","X","","","","","2"
"83931","Alegrete","Rio Grande do Sul","RS","29°41'S","55°31'W","120.9","X","X","X","X","X","","","X","X","X","X","X","X","X","X","X","X","X","X","X","X","X","X","X","X","23"
"83980","Bagé","Rio Grande do Sul","RS","31°20'S","54°06'W","242.3","X","X","X","X","X","","","X","X","*","X","X","X","X","X","X","X","","X","X","X","X","X","X","X","21"
"83941","Bento Gonçalves","Rio Grande do Sul","RS","29°09'S","51°31'W","640.0","X","X","X","X","X","","","","","","X","X","X","X","X","X","X","X","X","X","X","X","X","X","X","20"
"83919","Bom Jesus","Rio Grande do Sul","RS","28°40'S","50°26'W","1047.5","X","X","X","X","X","","","X","X","*","X","X","X","X","X","X","X","X","X","X","X","X","X","X","X","23"
"83959","Caçapava do Sul","Rio Grande do Sul","RS","30°31'S","53°29'W","450.0","X","X","X","X","X","","","","","","X","X","X","X","X","X","X","X","X","X","X","X","X","X","X","20"
"83963","Cachoeira do Sul","Rio Grande do Sul","RS","30°02'S","52°53'W","72.7","X","X","X","X","X","","","","","","X","X","X","X","X","X","X","X","X","X","X","X","X","X","X","20"
"83942","Caxias do Sul","Rio Grande do Sul","RS","29°10'S","51°12'W","759.6","X","X","X","X","X","","","X","X","X","X","X","X","X","X","X","X","X","X","X","X","X","X","X","X","23"
"83912","Cruz Alta","Rio Grande do Sul","RS","28°38'S","53°36'W","472.5","X","X","X","X","X","","","X","","X","X","X","X","X","X","X","X","X","X","X","X","X","X","X","X","22"
"83964","Encruzilhada do Sul","Rio Grande do Sul","RS","30°32'S","52°31'W","427.8","X","X","X","X","X","","","X","X","*","X","X","X","X","X","X","X","X","X","X","X","X","X","X","X","23"
"83915","Guaporé","Rio Grande do Sul","RS","28°55'S","51°54'W","471.5","X","X","X","X","X","","","","","","X","X","X","X","X","X","X","X","X","X","X","X","X","X","X","20"
"83881","Iraí","Rio Grande do Sul","RS","27°11'S","53°14'W","247.1","X","X","X","X","X","","","X","X","*","X","X","X","X","X","X","X","X","X","X","X","X","X","X","X","23"
"83929","Itaqui","Rio Grande do Sul","RS","29°07'S","56°32'W","76.0","X","X","X","X","X","","","","","X","X","X","X","X","X","X","X","","X","X","X","X","X","X","X","20"
"83916","Lagoa Vermelha","Rio Grande do Sul","RS","28°13'S","51°30'W","840.0","X","X","X","X","X","","","X","","X","X","X","X","X","X","X","X","X","X","X","X","X","X","X","X","22"
"83885","Marcelino Ramos","Rio Grande do Sul","RS","27°27'S","51°54'W","414.2","X","X","X","X","X","","","","","","X","X","X","X","X","X","X","X","X","X","X","X","X","X","X","20"
"83880","Palmeira das Missões","Rio Grande do Sul","RS","27°53'S","53°26'W","634.0","X","X","","X","X","","","","","","X","X","X","X","X","X","X","X","X","X","X","X","X","X","X","19"
"83914","Passo Fundo","Rio Grande do Sul","RS","28°13'S","52°24'W","684.0","X","X","X","X","X","","","X","X","*","X","X","X","X","X","X","X","X","X","X","X","X","X","X","X","22"
"83985","Pelotas","Rio Grande do Sul","RS","31°47'S","52°25'W","13.0","X","X","X","X","X","","","X","","X","X","X","X","X","","X","X","","X","","X","X","X","X","X","19"
"83983","Piratini","Rio Grande do Sul","RS","31°26'S","53°06'W","345.0","","","","","","","","","","","X","X","","","","","","","","","","","","","","2"
"83967","Porto Alegre","Rio Grande do Sul","RS","30°03'S","51°10'W","47.0","X","X","X","X","X","","","X","X","*","X","X","X","X","X","X","X","X","X","X","X","X","X","X","X","23"
"83995","Rio Grande","Rio Grande do Sul","RS","32°02'S","52°06'W","2.5","X","X","X","X","X","","","X","X","X","X","X","X","X","X","X","X","X","X","X","X","X","X","X","X","23"
"83936","Santa Maria","Rio Grande do Sul","RS","29°42'S","53°42'W","95.0","X","X","X","X","X","","","X","X","X","X","X","X","X","X","X","X","X","X","X","X","","","","","19"
"83997","Santa Vitória do Palmar","Rio Grande do Sul","RS","33°31'S","53°21'W","24.0","X","X","X","X","X","","","X","X","X","X","X","X","X","X","X","X","X","X","X","X","X","X","X","X","23"
"83953","Santana do Livramento","Rio Grande do Sul","RS","30°50'S","55°36'W","328.0","X","X","X","X","X","","","X","","","X","X","X","X","","X","X","X","X","","X","X","X","X","X","19"
"83909","Santo Ângelo","Rio Grande do Sul","RS","28°18'S","54°15'W","284.5","X","X","X","X","X","","","","","","X","X","X","X","","X","X","","X","","X","X","X","X","X","17"
"83957","São Gabriel","Rio Grande do Sul","RS","30°20'S","54°19'W","124.0","X","X","X","X","X","","","","","","X","X","X","X","X","X","X","X","X","X","X","X","X","X","X","20"
"83907","São Luiz Gonzaga","Rio Grande do Sul","RS","28°24'S","55°01'W","245.1","X","X","X","X","X","","","X","X","X","X","X","X","X","X","X","X","X","X","X","X","X","X","X","X","23"
"83966","Tapes","Rio Grande do Sul","RS","30°50'S","51°35'W","5.0","X","X","X","X","X","","","","","","X","X","X","X","X","X","X","X","X","X","X","X","X","X","X","20"
"83948","Torres","Rio Grande do Sul","RS","29°21'S","49°43'W","4.7","X","X","X","X","X","","","X","X","X","X","X","X","X","X","X","X","X","X","X","X","X","X","X","X","23"
"83927","Uruguaiana","Rio Grande do Sul","RS","29°45'S","57°05'W","62.3","X","X","X","X","X","","","X","X","X","X","X","X","X","X","X","X","X","X","X","X","X","X","X","X","23"
"83918","Vacaria","Rio Grande do Sul","RS","28°33'S","50°42'W","954.6","X","X","X","X","X","","","","","","X","X","X","X","X","X","X","X","X","X","X","X","X","X","X","20"
"83921"," Araranguá ","Santa Catarina","SC","28°53'S","49°31'W","12.3","X","X","X","X","X","","","","","","X","X","X","X","X","X","X","X","X","X","X","X","X","X","X","20"
"83898","Camboriú","Santa Catarina","SC","27°00'S","48°38'W","8.2","X","X","X","X","X","","","","","X","X","X","X","X","X","X","X","X","X","X","X","X","X","X","X","21"
"83887","Campos Novos","Santa Catarina","SC","27°23'S","51°12'W","946.7","X","X","X","X","X","","","X","X","X","X","X","X","X","X","X","X","X","X","X","X","X","X","X","X","23"
"83883","Chapecó","Santa Catarina","SC","27°07'S","52°37'W","679.0","X","X","X","X","X","","","X","X","*","X","X","X","X","X","X","X","","X","","X","X","X","X","X","21"
"83897","Florianópolis","Santa Catarina","SC","27°35'S","48°34'W","1.8","X","X","X","X","X","","","X","X","X","X","X","X","X","X","X","X","X","X","X","X","X","X","X","X","23"
"83872","Indaial","Santa Catarina","SC","26°54'S","49°13'W","86.1","","X","","","","","","X","X","X","X","X","X","X","X","X","X","","X","","X","X","X","X","X","17"
"83865","Irineópolis ","Santa Catarina","SC","26°15'S","50°48'W","777.5","X","X","X","X","X","","","X","","","X","X","X","X","X","X","X","X","X","X","X","X","X","X","X","21"
"83891","Lages","Santa Catarina","SC","27°49'S","50°20'W","936.8","X","X","X","X","X","","","X","X","X","X","X","X","X","X","X","X","X","X","X","X","X","X","X","X","23"
"83924","Laguna","Santa Catarina","SC","28°29'S","48°48'W","30.9","X","X","X","X","X","","","X","X","X","X","X","X","X","X","X","X","X","X","X","X","X","X","X","X","23"
"83922","Orleans","Santa Catarina","SC","28°20'S","49°20'W","155.8","X","X","X","X","X","","","","","X","X","X","X","X","X","X","X","X","X","X","X","X","X","X","X","21"
"83864","Porto União","Santa Catarina","SC","26°14'S","51°04'W","778.0","X","X","X","X","X","","","X","X","*","X","X","X","X","X","X","X","X","X","X","X","X","X","X","X","22"
"83874","São Francisco do Sul","Santa Catarina","SC","26°15'S","48°39'W","45.0","X","X","X","X","X","","","X","","","X","X","X","X","","X","X","","X","","X","X","X","X","X","18"
"83920","São Joaquim","Santa Catarina","SC","28°18'S","49°56'W","1415.0","X","X","X","X","X","","","X","X","X","X","X","X","X","X","X","X","X","X","X","X","X","X","X","X","23"
"83923","Urussanga","Santa Catarina","SC","28°31'S","49°19'W","48.2","X","X","X","X","X","","","","","X","X","X","X","X","X","X","X","X","X","X","X","X","X","X","X","21"
"83858","Xanxerê","Santa Catarina","SC","26°51'S","52°24'W","841.2","X","X","X","X","X","","","","","","X","X","X","X","X","X","X","X","X","X","X","X","X","X","X","20"
"83096","Aracaju","Sergipe","SE","10°57'S","37°03'W","4.7","X","X","X","","X","","","X","X","*","X","X","X","X","X","X","X","X","X","X","X","X","X","X","X","22"
"83195","Itabaianinha","Sergipe","SE","11°07'S","37°49'W","208.0","X","X","X","X","X","","","X","X","X","X","X","X","X","X","X","X","X","X","X","X","X","X","X","X","23"
"83097","Propriá","Sergipe","SE","10°12'S","36°52'W","19.9","X","X","X","X","","","","","X","*","X","X","X","X","X","X","X","X","X","X","X","X","X","X","X","21"
"83672","Araçatuba","São Paulo","SP","21°12'S","50°26'W","397.0","X","X","X","X","X","","","X","X","","X","X","X","X","X","X","X","X","X","X","X","X","X","X","X","22"
"83773","Avaré","São Paulo","SP","23°05'S","48°54'W","854.0","X","X","X","X","X","","","X","","","X","X","X","X","X","X","X","X","X","X","X","X","X","X","X","21"
"83712","Bananal","São Paulo","SP","22°42'S","44°19'W","560.0","X","X","X","X","X","","","","","","","X","X","X","","X","X","X","X","","X","X","X","X","X","17"
"83625","Barretos","São Paulo","SP","20°33'S","48°34'W","541.2","","","X","","X","","","X","X","X","X","X","X","X","X","X","X","X","X","X","X","X","X","X","X","20"
"83729","Campinas","São Paulo","SP","22°54'S","47°05'W","663.2","X","X","X","X","X","","","X","X","","","X","X","X","X","X","X","X","X","X","X","X","X","X","X","21"
"83714","Campos do Jordão","São Paulo","SP","22°45'S","45°36'W","1642.0","X","X","X","X","X","","","X","X","X","X","X","X","X","X","X","X","X","X","X","X","X","X","X","X","23"
"83676","Catanduva","São Paulo","SP","21°07'S","48°56'W","570.0","X","X","X","X","X","","","X","X","X","X","X","X","X","X","X","X","X","X","X","X","X","X","X","X","23"
"83626","Colina","São Paulo","SP","20°43'S","48°33'W","589.0","","","X","","X","","","","X","*","X","X","X","X","X","X","X","X","X","X","X","X","X","X","X","18"
"83760","Coop. Agrícola de Cotia","São Paulo","SP","23°35'S","46°53'W","838.2","X","X","X","X","X","","","X","X","","X","X","X","X","X","X","X","X","X","","X","X","X","X","X","21"
"83204","Fazenda Ipanema (Est. Desativada)","São Paulo","SP","23°25'S","47°35'W","584.6","","","X","","X","","","","X","X","X","X","X","X","X","X","X","X","X","","X","X","X","X","X","18"
"83630","Franca","São Paulo","SP","20°35'S","47°22'W","1026.2","X","X","X","X","X","","","X","X","X","X","X","X","X","X","X","X","X","X","X","X","X","X","X","X","23"
"83075","Guarulhos","São Paulo","SP","23°26'S","46°28'W","735.0","","","","","","","","","","X","","","","","","","","","","","","","","","","1"
"83821","Iguape","São Paulo","SP","24°43'S","47°33'W","2.7","X","X","X","X","X","","","X","X","","X","X","X","X","X","X","X","X","X","X","X","X","X","X","X","22"
"83774","Itapeva","São Paulo","SP","23°57'S","48°53'W","707.0","X","X","X","X","X","","","X","X","*","X","X","X","X","X","X","X","X","X","X","X","X","X","X","X","22"
"83678","Jaboticabal","São Paulo","SP","21°15'S","48°18'W","595.0","X","X","X","","","","","X","","","","","X","X","","X","X","","X","","","","","","","9"
"83674","Lins","São Paulo","SP","21°48'S","49°45'W","426.0","X","X","X","X","X","","","X","","X","X","X","X","X","X","X","X","X","X","X","X","X","X","X","X","22"
"83772","Mogi das Cruzes","São Paulo","SP","23°31'S","46°13'W","775.0","X","X","X","X","X","","","","","","X","X","X","X","*","X","X","X","X","X","X","X","X","X","X","20"
"83271","Nova Odessa","São Paulo","SP","22°42'S","47°18'W","550.0","","","","","","","","","","X","","","","","","","","","","","","","","","","1"
"83847","Paraibuna","São Paulo","SP","23°25'S","45°39'W","649.1","","X","X","X","X","","","X","","","X","X","X","X","X","X","X","X","X","X","X","X","X","X","X","20"
"83716","Presidente Prudente","São Paulo","SP","22°07'S","51°23'W","435.6","X","X","X","X","X","","","X","X","","","X","X","X","X","X","X","X","X","X","X","X","X","X","X","21"
"83670","Santa Rita","São Paulo","SP","21°40'S","47°30'W","715.0","X","X","X","X","X","","","","","X","","X","X","X","X","X","X","X","X","X","X","X","X","X","X","20"
"83782","Santos","São Paulo","SP","23°56'S","46°20'W","13.5","X","X","X","X","X","","","X","X","*","X","X","X","X","X","X","X","X","X","X","X","X","X","X","X","22"
"83726","São Carlos","São Paulo","SP","21°58'S","47°52'W","856.0","X","X","X","X","X","","","X","X","*","X","X","X","X","X","X","X","X","X","X","X","X","X","X","X","23"
"83809","São José dos Campos","São Paulo","SP","23°13'S","45°51'W","643.5","X","X","X","X","X","","","X","X","","X","X","X","X","X","X","X","X","X","X","X","X","X","X","X","22"
"83856","São Paulo - Horto Florestal","São Paulo","SP","23°27'S","46°39'W","775.0","X","X","X","X","X","","","","","","X","X","X","X","X","X","X","X","X","X","X","X","X","X","X","20"
"83781","São Paulo (Mir. de Santana)","São Paulo","SP","23°30'S","46°37'W","792.1","X","X","X","X","X","","","X","X","X","X","X","X","X","X","X","X","X","X","X","X","X","X","X","X","23"
"83669","São Simão","São Paulo","SP","21°29'S","47°33'W","617.4","X","X","X","X","X","","","X","X","*","X","X","X","X","X","X","X","X","X","X","X","X","X","X","X","23"
"83667","Sertãozinho","São Paulo","SP","21°08'S","47°59'W","548.0","X","X","X","X","X","","","","","","","X","X","X","X","X","X","X","X","X","X","X","X","X","X","19"
"83851","Sorocaba","São Paulo","SP","23°29'S","47°26'W","645.0","X","X","X","X","X","","","X","","X","X","X","X","X","X","X","X","X","X","X","X","X","X","X","X","22"
"83666","Tamoio","São Paulo","SP","21°47'S","48°10'W","780.0","","","","","","","","","","","","X","X","X","","X","X","","X","","X","X","X","X","X","11"
"83784","Taubaté","São Paulo","SP","23°02'S","45°33'W","577.0","X","X","X","X","X","","","X","X","X","X","X","X","X","X","X","X","X","X","X","X","X","X","X","X","23"
"83857","Tremembé","São Paulo","SP","22°58'S","45°33'W","546.2","X","X","X","X","X","","","X","X","X","X","X","X","X","X","X","X","X","X","X","X","X","X","X","X","23"
"83786","Ubatuba","São Paulo","SP","23°27'S","45°04'W","8.0","X","X","X","X","X","","","X","X","X","X","X","X","X","X","X","X","X","X","X","X","X","X","X","X","23"
"83629","Usina Junqueira","São Paulo","SP","20°00'S","47°46'W","560.0","","","X","","X","","","X","X","X","X","X","X","X","X","X","X","X","X","","X","X","X","X","X","19"
"83623","Votuporanga","São Paulo","SP","20°25'S","49°59'W","502.5","X","X","X","X","X","","","X","X","*","X","X","X","X","X","","X","","X","","X","X","X","X","X","19"
"82659","Araguaina","Tocantins","TO","07°12'S","48°12'W","228.5","","","","","","","","","","X","","","","","","","","","","","","","","","","1"
"83033","Palmas","Tocantins","TO","10°11'S","48°18'W","280.0","X","X","X","X","X","","","X","X","X","X","X","","","X","X","X","X","X","X","X","","","","","17"
"83231","Paranã","Tocantins","TO","12°33'S","47°50'W","275.0","X","X","X","X","X","","","X","","*","X","X","X","X","X","X","X","X","X","X","","","","","","17"
"82863","Pedro Afonso","Tocantins","TO","08°58'S","48°11'W","187.0","X","X","X","X","X","","","X","X","*","X","X","X","X","X","X","X","X","X","X","X","X","X","X","X","22"
"83228","Peixe","Tocantins","TO","12°01'S","48°21'W","242.5","X","X","X","X","X","","","X","X","*","X","X","X","X","X","X","X","X","X","X","X","X","X","X","X","22"
"83064","Porto Nacional","Tocantins","TO","10°43'S","48°25'W","239.2","X","X","X","X","X","","","X","X","*","X","X","X","X","X","X","X","X","X","X","X","X","X","X","X","22"
"83235","Taguatinga","Tocantins","TO","12°24'S","46°25'W","603.6","X","X","X","X","X","","","X","X","X","X","X","X","X","X","X","X","X","X","X","X","X","X","X","X","23"
"","","","","","","","","","","","","","","","","","","","","","","","","","","","","","","","",""
"Nota:  ","Os valores em azul e itálico correspondem a correções feitas posteriormente à publicação.","","","","","","","","","","","","","","","","","","","","","","","","","","","","","","",""
